Willow,8,10
Tea,7,2.8
Cadet,3,5
Blue,10,10.2
Brick,11,5.1
Brown,8,4.6
Cyan,6,9.7
Forest,7,4
Grey,6,4.6
Orange,6,7.1
Sage,8,2.5
Violet,11,1
Yellow,5,2.9
Hexen,11,7.4
Slate,12,4.6
Scarlet,1,2.2
Wake,10,7.3
Stone,9,8.4
Green,11,2.6
Arctic,2,8.8
Void,7,3.6
Rampage,12,1.7
Winter,1,9
Midnight,1,3
Griffin,11,4.3
Northwest,1,6.9
Sky,1,3
Obelisk,6,6.9
Shadow,10,8
Sorel,1,1.7
Platinum,6,6.6
Anniversary,1,7
Banished,3,2.6
Deception,2,8.9
Big,1,8
Sur,10,1.1
Cloven,10,4.8
Seafoam,7,8.5
Forgotten,4,7.5
Sands,3,2.5
Karaba,1,10
Sirocco,3,3.5
Milspec,9,3.4
Stack,3,3.2
Sandrift,10,10.5
Gulley,10,7.9
Tempest,10,3.7
Lilac,4,1.3
Wooster,12,1.6
Smoke,11,6.6
Crimson,10,4.6
Vettel,7,2.2
Dogfight,8,7.1
Makovich,6,9.1
Ghost,5,6.8
Noble,12,3
Portal,12,1.8
Scorpion,8,10.5
Horvath,5,8.4
Splinter,6,6.9
Desert,6,6.9
Tahuna,8,2
Sand,1,4.2
Wild,1,10.6
Kovan,6,7
Bleached,6,3.8
Bone,8,2.2
Blood,3,1
Cavallino,2,5.4
Aviator,2,3
Anubis,3,1.9
Enigma,4,7.3
ISR,7,4.2
Soldier,12,7.5
TarailBlazer,10,10.9
Zvezda,12,3
Mark,7,10
Flower,5,3.3
Power,10,5.1
Facelift,1,8.3
Glance,4,6.9
Sabertooth,12,1.4
Proforma,9,10.8
Illus,2,10.1
Basil,3,4.5
Airwolf,3,1.8
Droctulf,10,6.3
Armet,1,1.1
Vandal,5,6.7
Enlisted,9,1.3
Bryce,9,3.8
Sigil,3,6.6
Buckingham,5,8.1
Skull,9,4.6
Anz,10,10.8
Lauch,2,1
Dragoon,8,5.4
Dynasty,8,10.4
Europe,4,8.9
Iterrupt,12,9.7